Age,Income,LoanAmount,CreditScore,EmploymentYears,ExistingLoans,PaymentHistory,MaritalStatus,Education,LoanPurpose,Default
59,24018,6742,681,24,2,65,Divorced,Bachelors,Home,0
49,31302,23309,526,27,0,8,Single,HighSchool,Car,1
35,87506,5619,775,0,3,99,Single,HighSchool,Personal,0
63,61157,22658,776,3,2,85,Divorced,Masters,Car,0
28,74917,39707,564,6,4,63,Married,HighSchool,Home,0
41,112738,25337,671,8,2,85,Single,HighSchool,Education,0
59,116646,21001,785,35,1,21,Married,Masters,Car,0
39,103122,5968,733,18,2,33,Divorced,HighSchool,Business,1
43,44519,30892,510,0,0,54,Divorced,HighSchool,Education,0
31,116809,30619,676,9,3,28,Single,Masters,Business,1
31,107487,5281,694,35,3,37,Divorced,PhD,Business,1
44,76819,32420,749,8,0,96,Single,PhD,Business,0
56,100910,20360,663,31,1,17,Married,HighSchool,Car,0
60,91324,44030,756,31,0,70,Single,HighSchool,Personal,0
44,25408,6058,525,5,2,64,Single,Masters,Education,1
23,79379,25677,430,37,0,96,Married,Masters,Home,0
42,45053,15724,775,16,0,0,Single,PhD,Personal,1
22,29446,33404,576,9,1,87,Single,Bachelors,Car,1
44,20922,42946,455,26,2,3,Divorced,HighSchool,Business,1
64,118723,44748,517,34,4,3,Married,Bachelors,Home,1
50,71356,34856,489,20,4,81,Single,Bachelors,Education,0
58,30789,14200,716,24,3,26,Married,Masters,Personal,1
22,117720,38997,845,27,0,42,Married,HighSchool,Personal,1
41,86656,30611,340,14,3,58,Single,HighSchool,Home,0
53,64028,46235,606,3,1,31,Divorced,Masters,Car,0
32,84484,40057,637,28,4,32,Married,Bachelors,Education,1
42,52154,6239,613,8,0,27,Single,Masters,Home,1
64,102870,43138,374,26,1,54,Married,PhD,Business,0
45,22336,5125,578,25,1,99,Divorced,HighSchool,Education,1
47,87779,28857,475,18,0,59,Divorced,PhD,Personal,0
62,39029,20398,572,27,1,69,Divorced,Masters,Home,1
48,79201,11638,588,16,0,61,Single,HighSchool,Personal,1
36,52265,11570,571,19,0,79,Single,PhD,Personal,1
35,63872,8249,365,39,2,33,Divorced,PhD,Personal,1
64,66197,14110,782,38,3,86,Single,Bachelors,Car,0
23,75180,45363,547,22,1,87,Divorced,HighSchool,Personal,0
57,43710,18605,455,31,1,55,Single,PhD,Business,1
27,49486,17115,346,32,2,12,Divorced,PhD,Business,1
41,91907,44062,753,4,2,55,Married,Bachelors,Education,0
29,91895,27911,500,33,2,17,Divorced,PhD,Personal,1
59,84435,43525,423,39,4,53,Divorced,PhD,Personal,0
38,60631,37556,300,10,4,76,Single,PhD,Home,0
24,40103,17595,490,2,4,42,Single,Bachelors,Car,1
45,84772,6969,815,32,0,38,Single,PhD,Education,1
34,34382,48753,741,10,1,60,Single,PhD,Personal,1
29,104291,22275,442,15,3,41,Single,HighSchool,Home,1
46,23756,9470,490,17,0,80,Single,HighSchool,Car,1
22,40609,15225,832,29,1,78,Married,Bachelors,Education,0
40,36478,47324,526,9,1,17,Divorced,Masters,Education,1
48,59666,46974,612,17,2,22,Divorced,HighSchool,Personal,1
27,95683,47759,601,37,2,53,Divorced,Bachelors,Education,0
64,119097,28196,759,18,0,29,Married,PhD,Home,0
28,91315,45287,700,35,2,97,Divorced,PhD,Education,0
55,97834,18669,692,12,1,57,Married,Bachelors,Business,0
34,34153,42380,506,2,2,67,Married,PhD,Home,1
37,96325,43006,509,9,4,66,Married,PhD,Car,1
56,32999,20577,414,37,2,70,Divorced,Masters,Car,1
60,75318,27473,550,0,1,17,Married,PhD,Personal,1
24,20814,33625,518,26,0,6,Divorced,HighSchool,Personal,1
22,96077,20504,706,7,3,39,Divorced,PhD,Business,1
26,110474,29089,742,16,2,69,Single,Bachelors,Car,0
62,22443,41487,653,8,1,85,Single,Masters,Car,1
24,95993,5302,849,5,3,64,Married,PhD,Car,0
49,95916,36463,441,24,3,67,Married,Bachelors,Car,1
38,93319,49912,800,38,4,48,Divorced,HighSchool,Education,0
46,37368,34259,846,27,3,51,Married,PhD,Home,1
64,35328,47823,841,32,1,28,Married,Masters,Home,1
54,76942,42208,806,36,1,20,Divorced,PhD,Business,0
30,111751,35659,580,8,2,89,Married,Bachelors,Education,1
56,119131,40840,723,17,2,77,Married,Masters,Car,0
34,47306,36890,569,20,2,8,Divorced,PhD,Car,1
51,105451,18598,453,1,3,46,Divorced,HighSchool,Personal,1
35,59915,24508,382,37,3,75,Single,Masters,Personal,0
28,57219,47287,725,39,4,41,Divorced,HighSchool,Business,1
34,100879,18380,574,35,2,50,Single,Bachelors,Car,0
43,84644,31984,583,36,0,55,Married,PhD,Business,0
60,80279,49633,472,14,4,50,Divorced,HighSchool,Education,1
41,73028,13125,626,27,0,69,Divorced,Bachelors,Home,0
36,20126,41059,362,17,3,19,Divorced,PhD,Car,1
38,72329,9033,372,33,4,87,Married,Bachelors,Education,1
44,47632,42873,674,21,4,26,Single,HighSchool,Car,1
46,85310,22087,807,10,1,37,Married,Bachelors,Personal,0
45,75176,45901,697,12,3,71,Married,Masters,Business,0
61,106066,10704,419,3,3,64,Divorced,PhD,Personal,0
49,64327,12848,736,21,4,53,Single,Bachelors,Home,0
35,88904,26592,764,6,3,23,Married,HighSchool,Personal,1
21,23797,11924,585,23,4,46,Divorced,PhD,Car,1
45,67882,32208,564,3,1,70,Married,Masters,Personal,0
27,33718,24614,619,27,4,82,Married,PhD,Car,1
29,54560,5488,675,14,3,85,Divorced,Masters,Home,0
44,96589,44882,388,0,3,62,Divorced,PhD,Personal,0
21,42116,30923,502,2,4,56,Single,Bachelors,Business,0
64,56244,40941,633,13,4,54,Married,Bachelors,Business,0
28,21645,34165,521,37,4,59,Divorced,HighSchool,Business,1
44,67523,6667,340,0,2,98,Divorced,Masters,Personal,0
31,39256,31213,367,37,3,61,Single,HighSchool,Personal,1
37,73173,9114,813,37,3,29,Single,Bachelors,Personal,1
28,57430,41321,426,20,2,92,Divorced,Masters,Car,0
55,59282,12761,554,28,4,21,Single,HighSchool,Home,1
55,83374,36116,315,4,1,74,Divorced,HighSchool,Business,1
53,88244,38768,776,9,4,83,Married,HighSchool,Car,0
25,31694,30426,361,27,4,28,Single,HighSchool,Business,1
62,76264,22772,731,20,2,40,Married,HighSchool,Car,0
59,95060,43218,567,6,3,41,Married,Masters,Personal,1
61,117416,8712,334,2,4,97,Married,HighSchool,Business,0
48,77545,6367,793,19,3,64,Divorced,Masters,Personal,0
27,59224,45957,768,18,0,30,Married,HighSchool,Business,0
29,117945,46781,624,34,3,29,Married,Bachelors,Education,0
28,33224,31200,603,3,1,17,Married,Bachelors,Car,1
32,60738,8726,575,4,1,16,Divorced,HighSchool,Education,1
54,45150,28616,500,0,4,37,Married,PhD,Car,1
53,83731,32723,744,3,3,13,Married,Bachelors,Home,1
43,69688,42574,623,11,4,86,Single,Masters,Business,0
44,119929,39958,334,26,2,88,Divorced,HighSchool,Home,0
57,93509,14108,781,22,1,78,Married,Masters,Home,0
55,28577,17178,779,24,4,55,Single,PhD,Car,0
64,28070,40643,364,20,2,21,Divorced,HighSchool,Education,1
60,28666,36324,307,23,4,66,Divorced,Bachelors,Personal,1
42,77761,43360,600,24,3,55,Divorced,Masters,Car,0
47,56368,22824,642,31,3,18,Divorced,Bachelors,Personal,0
55,26783,13927,730,31,3,56,Divorced,Bachelors,Home,0
21,61914,33144,723,4,3,43,Divorced,HighSchool,Personal,1
55,90507,36010,631,35,0,97,Married,Masters,Education,0
57,99026,27443,737,38,2,34,Married,PhD,Car,0
34,87526,19437,473,15,2,0,Married,Bachelors,Education,1
23,90835,49298,826,32,3,51,Married,HighSchool,Education,0
21,65765,44778,325,20,0,84,Single,HighSchool,Car,0
25,39956,16207,705,8,3,92,Married,PhD,Education,0
46,107895,30537,531,5,0,69,Divorced,HighSchool,Business,0
34,66240,40757,832,34,3,36,Married,Bachelors,Business,1
59,57148,17040,849,38,1,64,Married,HighSchool,Business,0
47,114270,46986,804,21,1,50,Divorced,Masters,Personal,0
29,24757,27612,478,4,4,0,Married,Masters,Education,1
35,39097,33441,431,22,3,90,Married,Bachelors,Car,1
35,30395,11471,754,16,2,20,Married,Masters,Car,1
46,36241,40631,647,11,4,52,Single,PhD,Personal,0
62,47696,48461,839,22,1,15,Married,HighSchool,Car,1
33,90480,31523,705,15,3,60,Divorced,Bachelors,Business,0
52,66163,36348,375,2,4,53,Divorced,PhD,Education,1
59,39816,6177,791,29,3,39,Married,HighSchool,Car,1
52,69840,9760,493,21,1,25,Married,PhD,Car,1
24,72853,37779,461,8,4,79,Married,Bachelors,Home,0
50,44917,26636,646,28,1,91,Divorced,Bachelors,Home,0
57,116731,21353,660,36,0,64,Divorced,PhD,Home,0
43,41566,16556,386,22,1,99,Single,HighSchool,Education,1
59,95452,32598,561,12,3,73,Single,Masters,Business,0
35,82823,16563,513,31,2,63,Single,Masters,Business,1
63,40806,48790,561,22,1,42,Divorced,PhD,Business,1
49,95520,13234,582,16,2,16,Single,Bachelors,Education,1
56,21759,30519,766,39,0,58,Married,HighSchool,Education,1
33,61949,31966,679,20,4,22,Married,HighSchool,Home,0
52,112374,21173,661,1,4,6,Divorced,Bachelors,Car,1
27,22482,31987,748,36,2,43,Single,Masters,Personal,1
42,44442,18178,740,5,4,52,Married,HighSchool,Personal,0
48,53719,44338,392,17,1,70,Divorced,PhD,Car,0
22,78066,29596,723,29,2,78,Single,Masters,Home,0
62,113501,38174,441,21,3,33,Married,PhD,Car,1
26,22079,46974,590,32,1,45,Single,Masters,Car,1
48,22717,9431,731,29,1,67,Divorced,Bachelors,Personal,1
48,79676,32764,348,16,1,77,Single,PhD,Home,0
64,47952,26627,601,31,3,77,Divorced,PhD,Education,0
64,106444,44310,489,13,0,15,Single,Bachelors,Personal,1
40,62460,13906,435,9,4,70,Married,PhD,Education,0
50,110397,41914,703,35,2,95,Divorced,Masters,Home,0
31,92847,49814,640,33,0,18,Divorced,HighSchool,Car,0
48,113607,18076,617,8,2,1,Divorced,HighSchool,Business,1
45,109106,42650,662,27,4,9,Single,Bachelors,Business,1
59,38449,11012,681,10,3,49,Single,Masters,Home,1
53,53536,12151,532,13,1,80,Married,PhD,Business,1
21,84077,33211,643,38,1,11,Divorced,PhD,Education,1
47,58258,32117,848,18,3,69,Divorced,HighSchool,Business,0
33,68302,41378,828,14,0,21,Single,PhD,Home,1
61,48865,47652,482,27,0,31,Single,HighSchool,Home,1
23,26645,11894,340,23,2,83,Married,Bachelors,Education,1
59,58000,18467,696,7,3,0,Married,PhD,Business,1
26,46737,36010,793,8,0,53,Single,Masters,Business,0
28,31485,47641,632,32,3,57,Divorced,PhD,Car,0
47,58565,17289,426,32,4,69,Married,HighSchool,Personal,0
29,45522,49976,300,18,1,82,Single,Bachelors,Home,0
57,85155,48596,467,2,1,17,Single,HighSchool,Car,1
53,75168,28171,318,9,1,5,Divorced,PhD,Home,1
62,72487,39905,631,39,3,44,Single,HighSchool,Car,1
64,32342,25829,755,0,3,96,Single,HighSchool,Personal,1
44,60806,39054,408,28,2,22,Married,Bachelors,Car,1
35,68770,49139,567,33,1,22,Single,Masters,Home,1
52,98623,34734,744,12,2,25,Single,PhD,Business,0
52,119785,12052,539,0,1,76,Married,Bachelors,Home,0
44,95629,8654,600,33,2,6,Divorced,Masters,Education,0
61,72603,28486,402,28,2,78,Divorced,HighSchool,Education,0
32,101974,23743,549,12,4,43,Married,Masters,Education,1
59,46399,29489,752,28,2,26,Married,HighSchool,Education,1
22,105382,13636,819,38,3,25,Divorced,HighSchool,Personal,1
23,101244,11441,452,23,2,96,Divorced,Bachelors,Business,1
57,96534,29611,473,25,1,78,Divorced,HighSchool,Business,0
37,75106,47435,642,16,2,35,Divorced,Bachelors,Home,0
22,50678,17149,730,6,0,54,Divorced,Masters,Car,0
22,96218,39566,623,12,1,63,Married,Masters,Home,0
48,83230,47368,719,4,0,90,Single,HighSchool,Home,0
43,94055,26675,784,25,1,56,Divorced,Bachelors,Home,0
57,76373,10495,711,2,3,68,Divorced,HighSchool,Home,0
52,51480,47668,383,6,3,60,Single,Bachelors,Business,0
53,105230,18673,412,38,3,1,Single,Bachelors,Car,1
21,88836,16130,631,0,0,54,Single,Bachelors,Home,0
39,92258,27668,677,16,4,96,Single,Masters,Business,0
22,59986,20222,340,24,1,79,Single,Bachelors,Home,0
64,44160,28669,404,2,3,86,Single,Masters,Education,1
46,105595,39068,501,14,1,37,Married,Bachelors,Home,1
52,99111,28253,749,28,0,79,Single,Masters,Home,0
26,84929,14435,565,31,4,77,Single,PhD,Personal,1
52,93506,33552,509,25,0,28,Married,Masters,Education,1
24,54911,42384,417,15,1,25,Single,Masters,Car,1
31,107127,21393,676,24,4,34,Divorced,HighSchool,Home,1
37,51821,15617,839,27,4,78,Divorced,Bachelors,Car,0
58,95039,43520,383,8,0,66,Single,PhD,Education,1
44,80535,14852,753,0,3,86,Married,HighSchool,Home,0
25,104458,36401,813,28,1,28,Divorced,Bachelors,Personal,1
54,32175,11295,686,21,2,33,Married,PhD,Business,1
26,74771,40993,649,15,2,96,Divorced,PhD,Personal,0
42,106925,39084,595,6,0,40,Single,PhD,Personal,1
31,86358,44575,557,13,1,40,Married,Bachelors,Business,1
36,37327,41451,380,28,1,22,Married,PhD,Business,1
53,67057,12227,567,18,0,70,Married,PhD,Business,0
29,26150,36910,718,18,1,2,Divorced,HighSchool,Home,1
26,24425,41041,534,1,3,57,Divorced,Masters,Car,1
36,36032,28384,610,14,0,31,Divorced,Bachelors,Car,1
49,22198,5145,656,2,3,30,Single,Masters,Business,1
23,80500,42778,512,10,1,81,Divorced,HighSchool,Personal,0
40,73394,21035,348,29,0,42,Single,Masters,Education,1
56,40079,8040,426,39,1,6,Married,PhD,Business,1
39,56220,47422,522,17,0,0,Married,PhD,Personal,1
46,61874,31160,578,1,1,60,Single,Bachelors,Personal,0
23,33859,22633,707,31,3,13,Divorced,Bachelors,Home,1
39,70460,34344,804,7,3,51,Single,Bachelors,Home,0
40,51419,22014,593,21,1,95,Married,HighSchool,Car,1
52,28705,19996,576,5,0,5,Married,Bachelors,Car,1
27,62880,46621,737,11,2,9,Single,HighSchool,Education,1
61,43236,16695,406,39,3,70,Divorced,PhD,Education,0
53,107955,7852,719,35,3,89,Divorced,Masters,Education,0
60,105514,21014,728,14,2,97,Single,PhD,Education,0
59,35358,32042,674,27,1,29,Single,PhD,Personal,1
38,119713,38755,372,17,0,99,Divorced,PhD,Personal,1
60,114914,45390,329,1,1,20,Married,Bachelors,Car,1
21,96918,28711,487,12,4,59,Single,Bachelors,Home,1
31,34596,31122,663,14,3,80,Divorced,Bachelors,Home,1
48,53572,14160,750,19,4,96,Divorced,Masters,Business,0
45,98757,32213,494,28,3,73,Married,Bachelors,Personal,0
43,21279,44420,455,28,3,62,Married,HighSchool,Education,1
51,83197,12421,471,2,4,41,Married,PhD,Education,1
50,82516,26400,340,18,4,50,Married,Masters,Business,1
62,27083,38537,362,2,1,63,Married,Masters,Home,1
55,37771,22727,322,13,4,75,Single,Masters,Education,1
27,49975,9358,659,39,1,55,Divorced,Masters,Home,0
36,65648,33482,374,3,1,79,Single,Masters,Business,1
46,68285,37117,417,10,1,40,Single,HighSchool,Home,1
22,39063,28164,679,30,3,31,Single,PhD,Home,1
21,87642,36910,589,31,3,14,Single,Masters,Home,1
32,110093,37496,739,26,4,61,Single,PhD,Education,0
25,106143,49311,306,29,3,26,Married,Bachelors,Car,1
57,57599,34371,495,1,4,27,Married,Masters,Personal,1
52,71920,43467,720,8,3,80,Divorced,Masters,Home,0
29,48529,22625,492,27,0,63,Single,PhD,Home,1
61,55954,38893,447,30,0,58,Divorced,Masters,Home,0
55,47856,15793,501,33,4,57,Married,Masters,Car,0
39,22573,36007,743,14,3,1,Married,Masters,Business,1
36,98344,30766,718,24,3,35,Married,HighSchool,Education,1
23,55367,44532,726,35,1,70,Single,HighSchool,Car,0
40,119608,17323,778,7,2,12,Single,Masters,Home,1
44,80774,12843,774,8,4,14,Married,HighSchool,Car,1
53,43752,19210,425,36,2,88,Divorced,Bachelors,Car,1
44,75029,21456,694,38,2,86,Divorced,Masters,Car,0
31,37685,36367,624,31,4,59,Married,Bachelors,Business,0
28,71693,15106,691,16,3,21,Divorced,PhD,Personal,1
56,75961,42957,739,34,4,62,Married,Bachelors,Education,0
58,96908,7472,503,36,2,89,Divorced,PhD,Business,1
60,94532,11704,785,18,3,96,Married,Masters,Business,0
40,101994,8713,330,28,0,74,Divorced,PhD,Personal,1
55,76133,10051,687,6,4,73,Single,PhD,Business,0
45,117425,15756,733,27,4,24,Married,Bachelors,Car,0
55,81268,7475,675,8,3,47,Married,Bachelors,Car,1
45,112201,41378,643,27,0,42,Divorced,Bachelors,Home,0
49,58243,9255,742,5,0,37,Married,Masters,Business,0
38,77384,19484,374,28,3,40,Married,Masters,Home,1
38,51653,39503,454,16,1,44,Married,Bachelors,Education,1
22,46657,13258,729,15,4,87,Single,Masters,Car,0
55,59952,45747,662,22,4,39,Single,Masters,Education,0
36,42180,40196,747,30,2,96,Divorced,PhD,Personal,0
61,117432,45194,533,2,3,16,Single,PhD,Car,1
56,98411,13533,561,20,2,87,Divorced,Bachelors,Education,0
53,21622,37581,424,25,2,56,Single,Masters,Personal,1
24,68756,10249,544,35,0,1,Divorced,PhD,Education,1
53,60809,24201,841,36,4,95,Single,HighSchool,Personal,0
34,36725,14686,784,21,2,61,Single,Masters,Personal,1
41,81396,37007,421,11,0,87,Divorced,HighSchool,Car,0
40,71226,5661,424,12,3,8,Married,Bachelors,Home,1
28,101182,49843,848,10,2,67,Married,Masters,Personal,0
27,102565,35137,469,15,4,80,Single,Bachelors,Personal,0
23,49402,47828,423,7,2,16,Divorced,Bachelors,Car,1
37,24263,15526,334,39,3,49,Married,Bachelors,Home,1
53,116523,8374,386,39,2,93,Divorced,Bachelors,Business,0
32,66828,30592,500,1,4,39,Married,Bachelors,Business,1
42,67924,33982,668,29,0,57,Divorced,Masters,Home,0
42,94182,5207,376,29,4,74,Single,HighSchool,Education,0
50,113065,40433,358,11,0,84,Divorced,Masters,Car,0
58,79052,28197,730,9,1,20,Married,Masters,Home,0
58,31664,38400,799,10,4,17,Single,Masters,Business,1
28,55737,8083,408,14,4,54,Divorced,PhD,Personal,1
47,109563,34328,577,15,3,28,Married,PhD,Business,1
47,49373,47891,367,16,2,23,Single,Masters,Personal,1
54,56397,25103,368,25,0,73,Divorced,HighSchool,Car,1
41,106145,44891,464,1,0,16,Married,Masters,Personal,1
50,58709,15754,788,11,3,17,Divorced,Bachelors,Home,1
53,81120,39447,604,25,3,41,Divorced,PhD,Personal,0
48,39250,20901,664,22,2,83,Single,PhD,Education,1
53,41172,38004,678,17,2,44,Single,Masters,Home,1
25,31555,12446,642,31,4,81,Married,Masters,Car,0
39,107410,42211,653,37,1,16,Single,HighSchool,Home,0
24,98617,34301,715,2,2,72,Married,HighSchool,Education,0
55,73276,31116,408,37,3,13,Divorced,Bachelors,Car,1
37,77492,46323,796,2,2,48,Divorced,Masters,Business,0
64,73002,23752,640,29,0,28,Married,Masters,Education,0
48,109599,37376,682,0,1,94,Divorced,Masters,Car,0
50,92355,21669,832,29,4,3,Single,PhD,Personal,0
49,111248,37916,599,31,0,81,Divorced,Bachelors,Home,0
26,44762,18395,438,27,0,19,Single,HighSchool,Car,1
55,31046,25421,658,20,1,46,Married,PhD,Home,1
61,116999,31342,798,12,4,8,Married,PhD,Personal,0
57,48769,9895,684,26,3,76,Divorced,PhD,Car,0
44,73302,16023,579,35,4,78,Divorced,PhD,Business,0
49,43150,15699,782,6,2,26,Single,Bachelors,Education,0
51,88247,14715,410,21,0,14,Single,Masters,Car,1
55,24853,24169,438,9,2,91,Divorced,HighSchool,Personal,1
53,114613,21163,734,38,3,18,Divorced,HighSchool,Car,1
41,109399,10782,808,14,2,89,Married,PhD,Home,0
52,41792,27641,572,14,4,51,Married,PhD,Car,1
43,79129,23792,398,3,2,25,Married,Bachelors,Business,1
53,94478,40585,403,31,3,88,Divorced,PhD,Car,0
23,87298,35682,513,22,3,25,Divorced,HighSchool,Education,1
38,51987,23880,464,5,3,25,Divorced,HighSchool,Car,1
45,35850,43067,819,23,4,45,Married,Masters,Home,1
62,32112,47685,583,19,3,91,Divorced,Masters,Car,1
51,44058,23073,816,36,0,48,Single,HighSchool,Business,1
23,65420,41035,463,19,3,81,Divorced,HighSchool,Personal,0
60,58890,42174,363,11,2,95,Divorced,Bachelors,Car,0
44,86017,29837,390,32,2,52,Divorced,Bachelors,Car,1
52,67304,22826,416,27,2,2,Divorced,HighSchool,Education,1
42,52921,29981,566,7,4,65,Divorced,PhD,Business,1
43,21524,15382,439,0,2,96,Single,Masters,Personal,1
22,35048,9437,545,36,4,41,Single,HighSchool,Home,1
47,55111,10435,694,21,4,18,Divorced,PhD,Car,0
62,57904,29819,786,5,3,16,Married,HighSchool,Personal,1
22,74912,41875,775,20,0,32,Divorced,Masters,Home,1
46,54008,36982,816,31,3,75,Divorced,Masters,Business,0
37,20060,38328,483,34,3,48,Divorced,Bachelors,Business,1
60,94666,17329,319,14,4,55,Married,Bachelors,Personal,0
53,103559,30169,823,4,4,62,Married,Bachelors,Home,0
29,75337,26932,828,5,2,2,Married,Bachelors,Business,1
63,33350,39594,446,24,2,48,Single,Masters,Personal,1
59,44354,16421,603,39,3,54,Married,PhD,Business,0
49,65186,12629,527,28,1,25,Single,PhD,Business,1
62,48145,13325,401,6,1,98,Single,PhD,Business,1
46,54020,33495,716,39,2,71,Married,HighSchool,Education,0
55,106123,36750,515,12,1,51,Married,Bachelors,Home,1
45,95186,34619,706,37,2,99,Married,Bachelors,Personal,0
44,105469,45461,698,17,4,6,Single,Masters,Personal,0
33,40581,13264,798,1,3,45,Divorced,Masters,Home,1
27,108929,17686,764,7,0,45,Married,HighSchool,Home,0
56,43051,29226,381,10,3,99,Married,HighSchool,Home,0
40,71474,11721,664,32,2,15,Married,PhD,Home,0
21,111748,25609,462,37,2,23,Single,Masters,Car,1
28,89626,12373,347,26,3,60,Single,Bachelors,Personal,0
36,26960,43675,810,19,2,53,Divorced,PhD,Car,1
34,55772,33937,628,11,1,61,Married,Bachelors,Business,0
32,41520,10656,415,30,1,0,Single,PhD,Business,1
43,69481,13984,636,26,2,48,Divorced,Bachelors,Personal,0
35,56408,34984,446,31,2,24,Married,HighSchool,Business,1
48,114006,13286,622,9,1,9,Single,PhD,Home,1
54,77134,10901,742,2,2,79,Married,Bachelors,Car,0
22,40491,36552,312,26,2,15,Married,Bachelors,Home,1
52,21341,30709,793,34,3,57,Single,Masters,Business,0
43,64623,36055,586,30,0,71,Single,PhD,Car,1
42,110327,42685,413,14,1,28,Single,Bachelors,Home,1
45,20338,13429,779,15,3,91,Married,Masters,Personal,1
42,91431,19716,321,12,0,5,Married,Bachelors,Home,1
42,32254,16138,648,34,2,15,Divorced,PhD,Business,1
62,71860,40298,619,10,2,19,Married,HighSchool,Car,0
26,31344,28429,425,20,3,79,Single,PhD,Personal,1
35,21750,10772,576,10,2,70,Married,PhD,Car,1
63,74756,40732,503,29,4,77,Divorced,Bachelors,Personal,0
57,87957,44905,493,34,3,42,Divorced,Bachelors,Car,1
53,78053,22347,846,21,0,25,Single,PhD,Business,1
28,90855,21920,585,37,3,89,Single,Masters,Personal,1
64,35896,36822,356,30,1,77,Divorced,Masters,Education,1
64,75761,45108,602,13,3,70,Divorced,Masters,Car,0
25,82552,28563,462,23,2,32,Divorced,Bachelors,Car,1
59,97454,12967,318,31,2,25,Single,Bachelors,Home,1
24,110600,16871,669,35,4,44,Divorced,PhD,Personal,0
26,47935,33763,563,31,4,83,Divorced,HighSchool,Education,1
52,57641,16916,412,14,4,62,Single,Bachelors,Business,0
50,49711,13734,787,34,0,66,Married,PhD,Home,0
55,90342,38613,626,2,4,51,Married,PhD,Education,0
60,32182,33179,841,15,0,67,Divorced,HighSchool,Personal,0
36,107833,40262,364,4,4,25,Married,Masters,Education,1
33,76276,17677,591,20,0,74,Married,PhD,Car,0
62,39541,23268,324,9,3,1,Married,PhD,Car,1
50,114457,17330,848,18,3,13,Married,PhD,Home,0
39,102310,25733,300,24,2,29,Divorced,Masters,Personal,1
37,64813,42947,848,3,0,48,Married,Masters,Personal,1
39,57198,32286,440,28,1,11,Married,HighSchool,Education,1
48,28820,11610,487,18,2,89,Single,Bachelors,Home,1
46,44070,11430,427,1,3,43,Divorced,Masters,Personal,1
57,89768,44922,500,9,0,32,Single,Bachelors,Car,1
46,31122,18828,426,24,4,12,Single,Bachelors,Education,1
43,100559,47913,556,19,1,77,Divorced,Masters,Business,0
29,93543,36497,846,18,3,87,Married,PhD,Car,0
32,103441,44256,493,22,2,97,Single,HighSchool,Home,1
21,61786,41618,403,23,0,25,Divorced,Bachelors,Personal,1
21,114934,31526,834,10,1,20,Married,PhD,Car,1
54,119804,35158,564,33,0,27,Divorced,Masters,Business,1
52,26737,30032,683,27,4,47,Single,Bachelors,Business,1
45,56062,42846,559,4,2,99,Married,Bachelors,Home,0
60,74237,49936,713,4,0,39,Married,Bachelors,Car,0
21,71571,34794,657,20,3,65,Divorced,PhD,Education,0
36,45510,10448,374,11,2,72,Married,PhD,Car,0
59,39426,33861,654,3,3,86,Single,PhD,Business,0
25,57265,33141,487,19,0,78,Single,Bachelors,Home,1
42,37850,14074,589,37,2,76,Single,Bachelors,Home,1
49,86150,11406,344,24,3,22,Divorced,HighSchool,Education,1
23,107312,36823,382,13,4,80,Married,HighSchool,Home,0
32,109613,28291,422,10,4,47,Married,PhD,Home,1
46,94910,46568,657,31,0,1,Married,PhD,Home,1
36,72375,37003,827,10,2,83,Single,Masters,Home,0
57,55435,39406,365,17,1,19,Married,PhD,Home,1
42,116443,28312,674,26,2,58,Single,HighSchool,Business,0
49,77132,48108,461,17,4,45,Married,HighSchool,Car,1
34,98945,6382,679,22,3,2,Single,HighSchool,Personal,0
48,102050,39171,657,10,1,54,Married,Bachelors,Home,0
25,115402,46779,487,20,0,11,Divorced,Bachelors,Personal,1
50,22983,8292,621,4,1,39,Divorced,PhD,Personal,1
25,117241,46779,749,22,0,65,Single,Masters,Business,0
32,40662,38187,773,24,1,99,Single,Masters,Home,0
36,43510,17411,312,9,0,77,Married,Masters,Personal,1
46,98187,42285,483,21,0,15,Married,Bachelors,Home,1
46,60998,20422,410,18,1,82,Divorced,HighSchool,Education,1
41,76846,47468,807,0,1,33,Married,HighSchool,Education,1
59,114071,37371,589,6,0,43,Single,Bachelors,Education,1
56,26640,10693,594,3,4,5,Single,Masters,Personal,1
53,64547,38535,750,0,1,76,Single,Masters,Education,0
50,74620,19818,514,14,2,63,Single,PhD,Business,1
57,35317,36238,326,39,3,99,Single,PhD,Business,1
43,27564,35874,530,11,0,21,Divorced,Masters,Personal,1
30,47345,31715,620,21,0,17,Divorced,Bachelors,Home,0
25,114223,32605,532,21,3,11,Single,Masters,Car,1
56,99273,39317,736,16,4,51,Married,PhD,Home,0
54,94859,36174,832,28,3,93,Single,Masters,Home,0
51,100765,14956,702,13,1,50,Divorced,Bachelors,Home,0
30,94038,43908,352,19,3,70,Single,HighSchool,Home,1
39,72393,15837,612,32,0,95,Divorced,Bachelors,Car,0
52,86081,8716,580,14,3,47,Divorced,Bachelors,Education,1
21,49430,9481,330,11,2,18,Single,PhD,Home,1
25,95532,29282,636,39,1,5,Single,Bachelors,Business,0
24,47788,11548,482,19,3,83,Married,Bachelors,Personal,1
36,115505,42605,322,29,0,26,Divorced,PhD,Personal,1
44,68543,12758,843,37,1,52,Married,PhD,Business,0
36,33919,48668,745,2,0,47,Single,HighSchool,Home,1
22,89346,28177,373,27,4,6,Divorced,Masters,Car,1
48,116122,29022,309,25,2,58,Married,Bachelors,Education,0
52,59974,45761,783,29,4,68,Married,PhD,Personal,0
47,36371,10542,755,12,2,10,Married,HighSchool,Education,1
40,65084,30476,459,12,3,14,Single,Masters,Car,1
44,49629,35784,313,1,1,63,Single,PhD,Personal,1
32,71184,27740,477,36,3,2,Single,Masters,Education,1
55,81916,29817,711,37,2,68,Divorced,Masters,Car,0
53,93972,21052,352,1,2,22,Single,Bachelors,Education,1
53,82187,40153,707,35,2,52,Divorced,Bachelors,Home,0
63,32984,5671,321,25,0,36,Married,PhD,Car,1
57,53039,5163,329,10,1,8,Married,Masters,Education,1
32,105431,46424,559,7,3,14,Single,PhD,Home,1
23,103691,49002,504,39,3,2,Married,PhD,Home,1
21,78606,9795,358,21,4,92,Single,Masters,Car,0
53,30616,15634,770,19,2,69,Divorced,PhD,Business,1
60,70072,9798,765,7,2,16,Married,Masters,Personal,0
30,44574,27420,311,28,2,25,Single,Masters,Car,1
63,23430,34300,589,39,3,20,Married,Masters,Home,1
64,32676,29345,653,25,4,71,Married,Masters,Home,0
49,30816,15749,374,29,0,20,Single,HighSchool,Car,1
33,52733,43595,740,16,1,10,Married,Masters,Business,1
32,105680,30121,540,19,0,37,Married,Bachelors,Personal,1
51,22050,42487,453,15,3,71,Married,Bachelors,Education,1
22,53933,33411,395,6,2,87,Married,Bachelors,Car,0
55,44951,38361,593,15,1,34,Divorced,Masters,Personal,1
43,52413,26223,508,26,3,13,Married,Bachelors,Personal,1
37,54801,12394,642,22,3,13,Married,HighSchool,Home,0
46,75619,19056,387,23,3,9,Single,PhD,Education,1
28,52913,33380,689,8,1,11,Divorced,Masters,Car,1
49,60600,31035,624,34,1,37,Single,Bachelors,Home,0
46,77775,35620,456,19,4,33,Single,HighSchool,Home,1
30,110816,24877,436,36,4,40,Single,PhD,Business,1
46,110093,48404,727,16,0,9,Divorced,HighSchool,Personal,1
54,55400,35911,751,30,1,16,Single,Bachelors,Car,1
61,24494,37784,440,7,1,16,Single,HighSchool,Car,1
27,100688,8191,382,14,1,66,Single,PhD,Car,0
24,109431,38160,476,30,4,61,Married,Bachelors,Home,1
31,94691,30000,497,29,3,94,Single,PhD,Business,1
49,117419,44040,720,19,2,0,Divorced,HighSchool,Education,1
56,63001,8631,700,38,4,11,Divorced,Masters,Home,1
45,87364,11172,770,11,1,3,Married,Masters,Education,0
41,65028,47080,517,16,4,41,Divorced,Masters,Business,1
56,117659,28561,474,29,0,12,Divorced,Masters,Personal,1
30,57573,29817,322,28,1,97,Married,PhD,Car,0
57,20806,25281,534,18,0,84,Single,Masters,Education,1
29,76638,33671,312,10,1,85,Married,PhD,Home,1
44,49757,30364,400,33,4,3,Single,Bachelors,Education,1
55,54636,46674,835,6,3,81,Single,Masters,Personal,0
55,100097,32425,822,33,2,68,Divorced,PhD,Car,0
56,68280,33602,751,19,0,18,Married,Masters,Education,1
38,44262,28253,730,37,4,1,Divorced,Masters,Personal,0
59,100435,28472,832,23,3,11,Divorced,Masters,Home,1
52,82211,13080,592,9,4,80,Single,PhD,Business,0
44,74842,12099,400,31,0,73,Divorced,HighSchool,Home,1
43,76979,30431,801,14,2,97,Married,Masters,Car,0
52,101470,36186,603,36,4,5,Divorced,Masters,Home,1
57,58197,35111,839,19,1,7,Divorced,Bachelors,Home,0
32,61844,44851,654,2,3,50,Single,HighSchool,Home,0
33,84754,27614,602,36,4,10,Married,PhD,Home,1
43,54157,31724,795,39,3,62,Divorced,Bachelors,Car,0
45,97129,46991,526,7,1,56,Single,Masters,Personal,1
55,60042,9940,535,39,2,11,Divorced,Bachelors,Education,1
61,81665,33758,754,22,2,72,Married,Bachelors,Business,0
50,102856,41224,312,39,1,1,Divorced,Masters,Education,1
37,47376,12788,509,10,3,7,Divorced,HighSchool,Education,1
40,75554,33082,696,7,4,10,Single,HighSchool,Business,1
45,34199,29034,399,28,1,52,Divorced,Bachelors,Car,1
42,101412,40479,330,29,0,99,Single,Masters,Business,1
33,70948,16280,827,9,3,9,Married,PhD,Car,1
39,93781,23052,628,38,2,84,Divorced,Bachelors,Education,0
56,92750,21531,465,27,1,83,Married,PhD,Car,0
32,86262,27804,758,35,2,7,Married,Bachelors,Personal,0
61,66600,33903,399,12,3,35,Divorced,Bachelors,Business,1
39,96898,49857,472,31,2,92,Single,Masters,Personal,0
32,82483,15142,461,35,1,75,Married,Masters,Education,0
29,38297,14866,562,36,3,13,Married,PhD,Business,1
27,50448,9531,573,25,0,53,Divorced,PhD,Education,0
48,46172,43098,302,21,1,84,Divorced,HighSchool,Personal,0
34,62874,43278,327,3,4,85,Divorced,Masters,Education,1
51,27657,33138,625,30,1,20,Divorced,Bachelors,Business,1
39,104386,32065,448,17,3,49,Divorced,Bachelors,Business,1
36,45425,34956,839,37,1,93,Divorced,HighSchool,Education,0
25,46685,46732,787,23,0,38,Single,Masters,Business,1
55,44578,44261,737,22,0,19,Married,Bachelors,Business,1
32,48831,15759,364,21,4,87,Single,HighSchool,Education,1
45,27906,10439,655,1,2,86,Single,HighSchool,Personal,0
41,81413,47533,832,30,3,6,Divorced,Bachelors,Business,0
56,74028,33270,551,10,3,8,Married,Bachelors,Business,1
43,27287,18279,534,27,2,0,Single,PhD,Business,1
36,53660,44279,526,31,0,25,Divorced,Masters,Business,1
59,95758,49251,824,4,0,37,Divorced,PhD,Education,0
62,80504,28888,612,37,1,37,Married,HighSchool,Personal,0
59,79720,22630,348,9,4,60,Single,Bachelors,Personal,0
34,54701,40144,417,39,4,43,Single,PhD,Car,1
51,103300,36182,353,23,4,85,Single,HighSchool,Business,0
25,37674,30538,343,34,1,43,Divorced,Masters,Business,1
55,103560,16824,352,22,4,73,Married,Bachelors,Car,1
43,43874,37125,824,16,2,61,Married,PhD,Personal,0
49,63642,11979,401,0,1,5,Single,Masters,Home,1
63,117820,31189,697,30,2,16,Divorced,PhD,Home,1
31,85160,47600,437,30,1,50,Single,HighSchool,Personal,1
38,37602,17504,686,33,4,37,Married,Masters,Business,1
32,108801,25669,410,8,2,23,Divorced,PhD,Home,1
29,45931,11910,316,21,2,50,Single,Masters,Education,0
30,114377,39964,481,12,2,9,Single,HighSchool,Education,1
64,49192,25131,835,24,1,71,Divorced,Masters,Car,0
37,66542,30227,840,17,3,20,Married,PhD,Personal,1
58,62520,10978,470,11,4,69,Divorced,HighSchool,Personal,1
27,84772,26991,708,39,2,84,Single,Bachelors,Home,0
33,78762,22153,677,16,3,56,Single,PhD,Business,0
60,70106,38548,487,14,4,38,Single,PhD,Personal,1
62,101121,47676,529,14,4,87,Single,HighSchool,Home,1
29,45559,44071,418,14,2,32,Married,HighSchool,Home,1
47,53742,8983,455,38,2,58,Married,Bachelors,Personal,1
22,89669,14503,764,12,1,17,Single,PhD,Home,1
25,100199,34921,403,16,3,55,Married,HighSchool,Car,0
49,41754,21905,801,31,3,91,Married,Bachelors,Car,0
57,23972,28953,474,8,2,56,Married,Bachelors,Personal,1
58,90831,31806,720,39,4,95,Single,HighSchool,Business,0
39,61873,27168,433,19,2,75,Divorced,PhD,Car,1
28,114661,9583,690,25,4,47,Divorced,Masters,Car,0
21,29903,43714,800,26,4,41,Divorced,Masters,Personal,1
42,23020,44896,332,20,2,26,Single,Bachelors,Education,1
37,61755,16889,354,17,0,73,Married,Masters,Home,1
27,105956,32413,818,12,3,51,Married,Masters,Car,0
45,106988,17275,311,15,4,41,Single,HighSchool,Education,1
24,65648,7461,827,8,4,31,Single,Bachelors,Business,1
56,29516,19291,672,11,0,25,Divorced,PhD,Education,1
26,22396,16435,783,37,1,24,Divorced,Bachelors,Personal,1
51,104082,32935,527,18,0,74,Single,HighSchool,Business,0
39,39129,38453,606,6,0,22,Divorced,Masters,Business,1
64,21591,23544,756,34,4,97,Married,PhD,Education,0
59,31303,17258,459,17,3,56,Single,Bachelors,Personal,1
47,50561,35841,630,15,0,51,Single,Masters,Car,0
30,91719,15736,524,38,1,86,Married,Bachelors,Education,0
46,112108,42643,803,3,2,92,Married,PhD,Car,0
39,119616,48950,755,24,0,30,Married,Bachelors,Education,1
59,106231,39964,344,31,0,63,Divorced,Bachelors,Car,1
23,27314,33044,513,39,1,70,Single,Bachelors,Education,1
33,39623,44933,358,12,3,32,Divorced,Masters,Business,1
48,87675,20997,494,16,0,84,Married,PhD,Home,0
40,116826,19215,788,36,0,1,Divorced,PhD,Business,0
48,85082,38069,456,5,3,17,Married,Masters,Car,1
28,103624,28911,525,18,1,46,Divorced,Masters,Personal,1
61,53130,22030,711,12,0,32,Divorced,Masters,Business,0
59,71756,34334,504,25,3,97,Married,HighSchool,Home,0
21,117624,19571,378,13,0,83,Divorced,Bachelors,Car,0
23,46292,47719,423,30,2,34,Single,Bachelors,Business,1
33,106206,33927,770,3,4,50,Divorced,PhD,Education,0
48,89274,25714,517,38,2,17,Divorced,Bachelors,Personal,1
45,22469,48541,815,7,0,87,Single,HighSchool,Car,0
53,73947,28387,403,24,1,71,Married,Masters,Business,1
58,42534,33444,692,12,4,29,Single,PhD,Car,0
26,83620,24921,733,31,2,43,Divorced,PhD,Education,0
64,68874,18057,630,37,3,52,Married,Bachelors,Home,0
52,69708,29858,442,37,1,9,Divorced,PhD,Business,1
41,94553,49638,839,27,2,86,Divorced,Masters,Car,0
36,88344,31062,577,29,3,51,Single,PhD,Car,0
41,69138,41850,532,2,0,48,Single,Masters,Car,1
31,74302,25567,828,27,3,10,Married,HighSchool,Home,0
57,67638,34739,389,2,2,65,Married,HighSchool,Car,1
56,98249,48285,791,33,2,57,Married,Masters,Personal,0
55,22719,8754,498,15,0,89,Divorced,Bachelors,Personal,1
39,42890,32044,661,21,3,35,Single,PhD,Car,1
40,97236,6724,740,31,3,32,Single,Bachelors,Personal,0
38,56509,6376,325,37,0,46,Single,PhD,Business,1
61,62534,13706,324,7,3,12,Married,HighSchool,Personal,1
34,112241,13894,693,7,0,39,Single,HighSchool,Car,0
35,38787,23037,806,5,1,88,Single,HighSchool,Education,0
51,68845,23450,600,13,2,67,Single,PhD,Business,0
21,77932,21406,638,31,1,41,Married,HighSchool,Home,0
23,112124,34725,566,34,4,18,Single,HighSchool,Car,1
36,111659,10926,760,9,4,81,Married,HighSchool,Home,0
43,53062,44019,755,2,4,93,Single,HighSchool,Education,0
31,95713,14496,659,11,0,18,Single,Bachelors,Home,0
32,107263,41068,367,30,3,57,Single,HighSchool,Car,1
30,115756,34806,711,28,1,22,Married,HighSchool,Car,0
52,80461,27663,790,4,1,53,Married,Bachelors,Education,0
36,95418,46321,348,24,1,79,Single,Bachelors,Car,0
28,86672,41495,401,30,1,64,Divorced,PhD,Education,1
58,54832,27656,515,20,4,11,Married,Masters,Education,1
32,51966,30860,737,19,1,23,Married,HighSchool,Car,0
44,92545,21832,458,38,3,33,Single,HighSchool,Personal,1
48,32987,43787,788,21,4,52,Divorced,HighSchool,Education,0
28,57311,26727,541,3,1,7,Single,PhD,Car,1
48,51575,47815,304,12,0,17,Married,HighSchool,Personal,1
56,83852,34545,660,19,2,56,Married,Masters,Education,0
46,21007,49522,758,12,2,4,Single,Bachelors,Personal,1
28,90981,7520,547,16,2,25,Single,PhD,Business,1
48,96242,8081,721,35,4,29,Divorced,Bachelors,Business,1
48,67517,39196,314,32,1,53,Divorced,HighSchool,Personal,1
57,49257,41735,421,0,4,12,Married,HighSchool,Education,1
61,107272,44213,576,14,3,82,Divorced,HighSchool,Car,1
56,62207,19566,752,12,0,28,Divorced,Masters,Home,1
47,33281,19042,689,16,0,2,Married,Masters,Car,1
37,81246,30498,593,23,2,89,Married,PhD,Home,1
29,21435,16329,745,7,2,57,Married,Bachelors,Home,1
53,118875,36656,509,26,2,75,Married,HighSchool,Education,0
40,111357,7159,601,22,1,1,Single,HighSchool,Personal,0
33,46660,42900,522,7,3,74,Married,HighSchool,Car,1
48,25084,24363,302,7,3,27,Married,HighSchool,Personal,1
49,102197,48241,817,25,3,81,Married,Masters,Business,0
33,33507,24033,392,12,3,76,Divorced,Bachelors,Education,1
55,92595,15805,819,38,2,85,Married,Bachelors,Education,0
26,103807,40851,727,36,0,75,Single,PhD,Business,0
38,65539,31832,792,27,2,1,Single,Masters,Car,0
25,27491,18944,534,24,3,6,Married,HighSchool,Business,1
45,70192,24873,460,15,2,25,Single,Bachelors,Car,1
22,100395,45372,630,1,3,89,Divorced,Bachelors,Home,0
30,83888,28928,632,17,4,87,Married,Masters,Education,0
50,93609,20379,349,16,0,75,Single,PhD,Car,0
25,29077,41751,822,29,4,15,Single,PhD,Personal,1
53,40953,39546,791,38,1,22,Married,HighSchool,Personal,1
21,96919,29286,571,12,2,39,Single,PhD,Education,1
38,87889,10110,551,31,1,59,Married,Bachelors,Business,1
52,43821,17087,389,28,2,72,Single,PhD,Business,1
31,57567,28762,745,29,4,31,Divorced,HighSchool,Car,0
41,44860,22081,631,17,3,14,Single,Bachelors,Business,0
46,41195,39947,438,12,3,12,Single,PhD,Education,1
45,97475,14596,656,20,2,4,Married,PhD,Car,1
42,110874,43019,573,29,3,74,Single,Masters,Home,0
47,107266,47003,318,20,4,73,Married,HighSchool,Business,0
33,41427,23313,610,16,3,51,Divorced,PhD,Business,0
53,47083,6013,453,39,4,76,Married,Masters,Car,1
54,107046,28705,689,18,1,40,Married,Bachelors,Personal,0
61,77372,6828,559,14,4,52,Single,Masters,Business,0
55,64064,12909,424,8,0,49,Divorced,Masters,Education,1
21,27813,43356,653,9,0,14,Married,PhD,Business,1
41,51598,18109,572,30,0,6,Single,PhD,Home,1
26,113106,7023,544,22,2,39,Single,PhD,Business,1
48,47082,19537,749,29,2,27,Married,Masters,Personal,0
37,49241,31661,546,32,2,31,Single,Bachelors,Business,1
25,116214,43659,819,8,4,98,Married,HighSchool,Car,0
51,64569,38848,440,0,2,14,Married,Masters,Business,1
25,31745,42804,661,34,1,99,Married,PhD,Personal,0
58,46029,20379,307,10,0,84,Divorced,HighSchool,Car,1
23,33025,32766,777,33,4,69,Married,Bachelors,Education,1
43,34288,48590,651,15,0,64,Single,HighSchool,Car,0
57,109186,7563,794,8,2,3,Divorced,PhD,Home,0
57,26540,41060,726,31,4,10,Single,Masters,Car,1
30,117768,34197,338,14,3,25,Divorced,Masters,Education,1
30,101958,8586,486,11,1,60,Divorced,PhD,Business,1
39,88878,21087,392,32,2,36,Divorced,Masters,Car,1
37,61846,28225,385,13,2,22,Divorced,PhD,Car,1
41,95932,34750,343,7,1,92,Single,Masters,Car,0
34,37482,11643,436,7,1,84,Married,Masters,Car,1
29,43411,32523,720,26,3,90,Single,Masters,Education,0
21,70975,41727,373,11,2,39,Married,Bachelors,Personal,1
33,80545,16005,847,0,2,76,Single,Bachelors,Personal,0
24,98797,48543,811,39,0,22,Divorced,PhD,Car,1
21,72307,5161,455,10,4,15,Divorced,Bachelors,Education,1
60,23093,21029,554,38,4,93,Married,PhD,Education,1
52,97258,19226,470,30,0,60,Married,HighSchool,Car,1
54,42042,33731,469,16,4,67,Single,HighSchool,Home,1
48,72930,48922,621,32,1,79,Married,Bachelors,Car,0
51,64413,49848,755,31,4,30,Single,HighSchool,Home,0
28,113623,8390,454,28,4,52,Married,HighSchool,Car,1
59,117883,10997,648,20,0,24,Married,Masters,Home,1
46,53756,17693,750,20,3,43,Married,Masters,Home,0
54,73268,47092,472,39,4,11,Divorced,PhD,Car,1
23,59214,5541,309,22,4,89,Divorced,HighSchool,Home,1
32,101871,26817,564,5,3,96,Single,PhD,Business,1
21,48602,42861,737,21,0,91,Married,PhD,Personal,0
64,73331,18428,546,37,3,8,Single,HighSchool,Education,1
25,68901,48934,845,36,0,11,Married,Bachelors,Home,1
50,119986,15258,798,7,1,68,Divorced,HighSchool,Home,0
50,83416,21044,428,34,0,53,Divorced,Masters,Education,0
37,52196,34411,626,10,1,53,Married,HighSchool,Home,0
43,25626,10469,703,23,1,27,Married,Bachelors,Education,1
35,27424,33854,658,20,0,55,Divorced,PhD,Car,0
57,32857,11256,316,1,2,98,Divorced,PhD,Business,1
41,39982,15720,573,39,0,68,Single,Masters,Business,1
34,96961,38937,415,18,4,97,Divorced,Masters,Personal,0
22,21980,38598,390,38,4,97,Married,Masters,Home,1
31,68290,6651,381,27,2,76,Single,PhD,Personal,1
59,46431,24194,623,16,1,57,Married,Masters,Car,0
58,104976,30051,413,5,2,77,Single,HighSchool,Business,0
54,102711,32386,357,18,4,74,Married,PhD,Car,0
58,46385,14518,453,37,2,41,Divorced,Bachelors,Car,1
54,58158,21184,703,27,0,37,Married,PhD,Home,0
38,43019,38787,565,1,2,67,Single,HighSchool,Car,0
50,38639,26621,614,37,1,52,Married,HighSchool,Business,0
35,105530,15028,340,36,0,32,Single,Masters,Personal,1
47,119911,17448,404,3,3,70,Married,PhD,Business,0
54,41563,39051,492,21,4,55,Divorced,PhD,Home,0
58,59341,35447,700,25,4,71,Divorced,PhD,Business,0
53,25776,23394,577,35,2,50,Married,Bachelors,Education,1
44,56444,39501,653,12,0,73,Married,Masters,Personal,0
35,88916,35254,555,31,3,42,Married,HighSchool,Education,1
50,28711,23509,398,16,0,14,Single,HighSchool,Education,1
62,94318,19472,581,35,4,37,Married,Masters,Home,1
37,102970,8471,702,18,0,14,Married,HighSchool,Car,0
25,105553,46796,408,34,3,4,Single,HighSchool,Education,1
49,50707,35268,498,39,2,92,Divorced,Masters,Business,0
24,59110,13329,602,27,1,82,Married,HighSchool,Car,0
30,81788,39865,626,0,0,53,Married,PhD,Business,0
37,102879,33272,453,17,1,50,Divorced,Bachelors,Business,0
30,58827,47845,704,39,4,9,Divorced,Masters,Car,1
37,25655,11397,761,32,2,11,Single,Bachelors,Car,1
40,64859,37373,431,11,2,3,Married,HighSchool,Business,1
44,73625,40525,383,7,0,94,Married,HighSchool,Home,0
25,72098,29570,698,23,2,17,Single,PhD,Personal,0
54,35251,23284,408,15,0,79,Divorced,Masters,Personal,1
26,20526,23994,520,3,0,35,Single,HighSchool,Home,1
22,88760,28284,667,37,1,24,Divorced,Masters,Car,1
33,67837,22833,446,26,2,86,Single,Masters,Business,0
63,31536,30122,411,8,0,75,Divorced,Masters,Personal,1
63,48541,10017,793,15,1,97,Single,Masters,Business,0
31,99083,21370,804,11,3,35,Divorced,Masters,Home,1
43,71027,34252,774,30,1,66,Divorced,Bachelors,Business,0
36,54531,12999,570,23,1,8,Divorced,PhD,Home,1
51,28712,27436,720,13,0,60,Divorced,Masters,Car,1
31,85455,47963,666,24,4,52,Divorced,Bachelors,Home,0
36,94744,7096,579,33,4,17,Married,HighSchool,Home,1
28,25109,30279,582,2,4,42,Divorced,Masters,Personal,1
24,69268,48363,339,23,1,34,Married,HighSchool,Business,1
60,74615,31201,488,8,0,62,Divorced,Masters,Personal,0
24,102503,24715,463,25,2,97,Married,Bachelors,Education,0
45,49759,34309,835,19,1,77,Married,Bachelors,Home,0
23,105708,20078,835,39,1,3,Single,Bachelors,Education,0
52,80112,10105,303,9,0,92,Divorced,PhD,Personal,0
23,46589,34312,589,18,3,40,Single,HighSchool,Business,1
47,50015,7839,732,2,1,44,Single,PhD,Personal,1
49,49009,8384,770,23,3,49,Divorced,Masters,Business,0
52,103309,48619,480,4,3,78,Single,HighSchool,Business,0
39,82046,47821,547,2,4,27,Divorced,Bachelors,Car,1
41,46143,18493,578,26,0,41,Single,HighSchool,Home,1
25,26154,22069,553,15,3,79,Divorced,Bachelors,Personal,1
38,41804,12531,480,14,0,75,Divorced,PhD,Business,0
48,61688,42051,808,34,4,68,Divorced,PhD,Personal,0
62,84288,12736,625,11,0,97,Married,Bachelors,Personal,0
42,71195,12710,656,25,1,0,Single,Bachelors,Business,0
41,40581,6619,690,33,3,38,Married,Masters,Education,1
26,72648,18975,384,22,0,95,Single,PhD,Home,0
21,50087,28252,616,30,2,89,Single,PhD,Home,0
25,69930,20261,511,19,0,16,Single,Masters,Car,1
61,52981,6431,814,11,3,90,Married,PhD,Car,0
32,89298,14067,683,22,4,87,Single,Bachelors,Car,0
46,66167,42481,641,3,4,34,Married,HighSchool,Home,1
54,95304,32037,337,22,3,45,Divorced,HighSchool,Education,1
34,63408,14557,810,0,1,41,Single,PhD,Home,1
46,59499,14435,719,24,1,38,Single,Masters,Home,0
47,72269,42766,468,1,4,89,Divorced,Bachelors,Home,0
29,58559,5162,642,29,4,48,Divorced,HighSchool,Home,1
46,94319,39742,605,2,3,61,Single,Bachelors,Education,0
42,115317,24675,841,20,1,37,Divorced,PhD,Car,0
50,116347,13461,836,24,4,22,Married,PhD,Personal,0
63,68787,22015,411,19,1,21,Married,HighSchool,Car,1
37,55488,37591,710,21,4,3,Single,PhD,Car,0
46,94441,33047,505,20,0,48,Married,Masters,Personal,1
56,94663,39782,484,32,2,58,Married,PhD,Home,0
21,42431,14833,681,37,0,72,Single,PhD,Education,0
28,81681,12896,795,14,4,67,Divorced,PhD,Education,0
55,83483,37972,678,14,2,70,Single,Bachelors,Car,0
35,69153,46800,346,24,2,86,Married,Bachelors,Personal,0
42,26368,35508,827,20,4,1,Single,HighSchool,Business,1
34,47424,10347,803,23,4,48,Single,HighSchool,Home,0
46,65004,35314,321,4,1,87,Married,HighSchool,Car,1
48,103869,7643,512,5,4,94,Married,PhD,Education,1
43,108652,45785,609,22,3,30,Single,Bachelors,Personal,1
34,76985,23681,571,3,4,39,Married,Masters,Personal,1
44,70069,43328,501,26,3,47,Married,PhD,Car,1
22,72326,20892,331,17,4,50,Married,PhD,Business,0
46,101061,22073,742,20,1,42,Married,PhD,Education,0
34,43398,41768,461,27,3,97,Married,Masters,Car,0
27,118393,35682,553,34,0,54,Married,HighSchool,Business,0
23,70861,37262,820,21,3,87,Divorced,Masters,Personal,0
43,95897,36358,779,39,1,48,Single,HighSchool,Home,0
63,101905,19289,309,22,3,89,Married,Masters,Education,0
38,88577,12927,804,2,4,79,Single,Bachelors,Education,0
58,85641,6171,735,39,4,56,Divorced,PhD,Business,0
55,29078,16918,410,9,1,76,Married,PhD,Car,1
35,45003,46903,452,24,2,14,Single,PhD,Personal,1
45,82768,44110,401,7,4,26,Married,HighSchool,Business,1
57,71047,16929,490,10,0,67,Married,Masters,Home,0
48,91626,7539,380,4,1,79,Married,Bachelors,Home,0
30,77660,41727,788,36,3,63,Married,Masters,Home,0
59,69786,27669,387,37,3,93,Married,PhD,Business,1
37,21925,10432,493,28,0,29,Married,Bachelors,Personal,1
59,103976,25644,403,4,4,35,Married,Bachelors,Education,1
42,46015,23745,395,8,1,66,Divorced,PhD,Car,0
46,53320,33228,722,1,0,85,Divorced,Masters,Education,0
64,84881,39521,497,0,4,85,Married,PhD,Personal,0
45,110827,36703,300,39,1,48,Married,Masters,Education,1
37,46289,31928,706,29,3,75,Divorced,Bachelors,Business,0
33,23389,23322,677,10,1,54,Divorced,Bachelors,Home,1
40,45683,27360,466,27,2,84,Divorced,PhD,Personal,0
45,33629,34055,808,11,1,55,Married,Bachelors,Personal,1
24,81550,47891,612,38,2,67,Single,HighSchool,Education,0
30,44826,21376,717,25,1,94,Single,Bachelors,Business,0
23,46630,11588,776,12,2,43,Single,HighSchool,Education,1
61,118762,30000,372,7,3,30,Single,Bachelors,Education,1
38,66163,11304,440,27,4,57,Married,PhD,Personal,0
56,118511,12345,561,29,2,86,Single,PhD,Education,0
42,86435,34300,639,8,2,52,Divorced,HighSchool,Home,0
54,31653,29259,607,38,3,83,Divorced,PhD,Education,0
28,47961,30470,544,30,2,78,Single,Bachelors,Home,1
60,101941,28017,814,20,0,22,Divorced,Bachelors,Personal,1
64,94137,20352,636,33,3,27,Married,PhD,Business,1
39,53662,38365,375,30,0,15,Single,Bachelors,Home,1
62,118818,24446,474,24,3,36,Single,Masters,Business,1
61,76446,7336,408,11,2,20,Married,Masters,Business,1
57,41288,14879,482,0,0,78,Divorced,Bachelors,Home,0
26,115081,37316,491,21,2,16,Married,PhD,Personal,1
46,56877,38340,364,39,3,36,Married,HighSchool,Car,1
54,35313,12521,773,36,2,76,Divorced,PhD,Business,0
26,100885,11171,399,0,0,18,Married,HighSchool,Business,1
57,92715,28481,843,0,0,29,Divorced,PhD,Personal,1
53,30326,23474,427,20,2,44,Divorced,Bachelors,Personal,1
42,21560,49629,751,14,1,17,Married,Masters,Education,1
41,99148,26008,668,16,3,77,Divorced,PhD,Personal,0
26,103186,6633,342,21,3,61,Married,HighSchool,Business,0
26,46745,17485,718,37,2,35,Divorced,Masters,Home,1
24,51890,48617,787,34,1,99,Single,HighSchool,Car,0
50,40022,8648,377,15,0,83,Divorced,Bachelors,Education,1
31,72579,18140,569,7,4,51,Divorced,Masters,Home,1
50,90316,22921,614,16,4,18,Married,HighSchool,Car,0
51,103847,19357,467,16,2,43,Divorced,PhD,Car,1
44,48380,8137,638,25,1,6,Single,Bachelors,Car,0
29,22356,5097,492,12,1,43,Single,Bachelors,Home,1
23,90326,16407,752,16,3,67,Divorced,Bachelors,Education,0
51,112447,35575,582,37,0,33,Divorced,PhD,Education,1
60,109899,17722,635,16,1,65,Single,PhD,Car,0
57,40049,17924,689,13,4,68,Married,Masters,Home,0
56,95717,8750,824,5,0,54,Single,PhD,Car,0
44,36082,32733,539,34,0,9,Single,Masters,Personal,1
51,20661,13535,782,13,2,95,Divorced,Bachelors,Education,0
26,57412,29487,757,7,1,41,Divorced,Masters,Business,1
22,22920,35651,388,14,2,40,Single,HighSchool,Car,1
40,111194,9666,394,26,1,76,Married,Bachelors,Personal,1
48,80315,21994,751,12,3,68,Single,Bachelors,Education,0
31,99561,6727,727,30,2,9,Single,Masters,Home,1
24,28946,39622,450,34,2,9,Married,Bachelors,Education,1
35,114242,15800,813,5,4,90,Single,PhD,Home,0
26,65500,42823,675,4,2,59,Single,HighSchool,Home,0
50,36309,48039,321,21,1,50,Divorced,Masters,Car,1
58,75230,23708,612,22,4,20,Married,Masters,Car,1
22,118656,17819,818,24,2,7,Divorced,Bachelors,Education,0
35,50027,14369,505,33,2,64,Divorced,PhD,Personal,0
31,92541,14283,674,25,3,91,Married,Bachelors,Education,0
28,79321,35573,750,4,2,77,Married,Bachelors,Business,0
46,20956,18171,478,25,0,84,Single,Masters,Home,1
64,94131,35933,509,19,4,29,Divorced,Bachelors,Home,1
25,67908,10774,799,5,0,84,Married,HighSchool,Car,0
26,98339,11519,763,5,4,48,Divorced,Bachelors,Personal,1
46,45963,15983,423,17,3,8,Divorced,Bachelors,Car,1
24,59443,35932,412,3,2,16,Married,Masters,Business,1
39,119259,35798,311,16,2,68,Single,Bachelors,Education,1
40,59063,23133,425,13,2,57,Divorced,PhD,Education,0
53,100818,19939,630,13,4,56,Married,Masters,Personal,0
40,24703,5781,582,12,2,61,Single,Bachelors,Car,1
32,85128,32624,439,6,0,94,Divorced,HighSchool,Car,1
21,92099,11823,700,14,2,51,Married,HighSchool,Business,0
46,45849,23489,396,18,3,60,Divorced,Masters,Education,0
34,51860,44961,816,34,0,39,Married,Masters,Car,1
58,51585,34118,368,16,2,37,Married,Bachelors,Personal,1
57,42015,39881,417,34,2,42,Divorced,PhD,Education,1
31,97539,21280,358,18,1,62,Divorced,Bachelors,Business,1
56,63585,27263,332,19,4,18,Married,HighSchool,Personal,1
33,46958,18565,617,35,0,99,Single,PhD,Home,0
63,46017,25354,349,34,1,49,Divorced,PhD,Business,1
23,96707,47951,788,31,3,32,Married,PhD,Personal,0
53,65350,30643,318,39,4,12,Married,Bachelors,Car,1
26,32201,28648,496,23,0,77,Single,HighSchool,Home,1
30,49426,46971,749,16,2,96,Single,Masters,Business,0
25,37778,23658,751,6,0,61,Single,Bachelors,Car,0
43,65241,26253,588,0,2,92,Divorced,Masters,Home,1
30,62229,31390,440,34,4,42,Married,PhD,Education,1
64,106652,28128,383,31,2,48,Married,PhD,Car,1
22,68364,18489,690,35,3,35,Married,Bachelors,Personal,1
33,118833,43314,514,12,2,9,Single,HighSchool,Business,1
60,104878,37658,825,5,3,94,Married,PhD,Home,0
22,77056,11852,514,13,4,5,Divorced,Masters,Car,1
40,47490,34450,702,36,4,56,Single,Masters,Education,0
21,39975,7551,427,14,0,0,Single,Bachelors,Business,1
57,46723,11411,776,3,3,70,Single,Masters,Business,0
29,43279,38243,703,39,3,57,Single,HighSchool,Car,0
37,98301,26800,328,15,1,90,Divorced,PhD,Education,0
29,31561,15403,637,27,1,20,Married,Masters,Home,1
31,86061,12239,660,15,1,91,Divorced,Masters,Car,0
35,108397,11710,691,3,2,79,Married,PhD,Home,0
44,69153,26384,517,25,1,55,Divorced,Bachelors,Business,1
58,53142,26038,501,27,3,86,Single,Masters,Home,1
55,46916,45846,316,31,2,19,Single,Bachelors,Education,1
50,84324,27447,621,1,4,53,Divorced,Bachelors,Personal,0
51,64965,7285,817,30,0,24,Divorced,Masters,Education,1
25,24648,42991,624,2,1,27,Married,HighSchool,Home,1
64,55133,18521,711,7,4,4,Divorced,Bachelors,Car,0
34,70677,11971,617,23,3,20,Divorced,Masters,Business,0
31,116059,34139,381,14,0,17,Married,Bachelors,Personal,1
29,114588,24909,773,30,4,46,Married,PhD,Car,0
54,119950,16531,767,8,0,69,Married,HighSchool,Car,0
32,118317,19721,724,38,1,56,Divorced,HighSchool,Education,0
55,90135,24206,503,1,3,92,Married,PhD,Home,0
55,55046,42711,686,7,0,18,Single,PhD,Education,1
21,67064,11530,397,6,4,96,Single,Bachelors,Home,1
60,89350,16116,644,38,1,64,Single,PhD,Education,0
42,65893,5258,507,15,1,2,Divorced,HighSchool,Car,1
49,81272,5282,813,34,4,41,Single,PhD,Business,0
28,112152,18937,465,29,4,20,Divorced,Masters,Home,1
31,87649,6898,321,9,0,98,Divorced,Masters,Personal,0
61,84674,9135,453,37,2,39,Single,Bachelors,Personal,1
57,33760,11629,738,17,1,66,Married,HighSchool,Car,0
34,41927,48936,594,4,0,24,Divorced,Masters,Education,1
50,106475,24584,518,28,4,54,Single,PhD,Education,1
55,81367,28551,794,38,0,83,Divorced,Masters,Car,0
41,117955,38380,529,33,4,51,Married,Masters,Personal,1
57,32588,22071,319,22,3,43,Married,Bachelors,Personal,1
25,72233,25074,447,4,4,97,Single,PhD,Education,0
39,64738,30188,407,29,4,84,Divorced,PhD,Home,1
34,53397,7307,702,5,4,55,Divorced,PhD,Business,0
46,102189,44901,782,3,2,54,Divorced,Bachelors,Home,0
24,96367,16205,666,28,4,86,Divorced,PhD,Personal,0
45,91260,10906,713,22,1,69,Single,PhD,Home,0
62,96619,7591,608,5,1,76,Married,Masters,Business,0
45,39816,20149,433,31,0,86,Single,Masters,Home,1
38,62240,49918,582,17,2,72,Divorced,PhD,Home,0
60,26276,44951,372,14,0,80,Divorced,HighSchool,Home,1
28,99530,30150,780,39,1,65,Married,HighSchool,Home,0
59,43499,36852,651,31,1,18,Divorced,PhD,Car,0
60,108576,47870,625,8,3,82,Single,HighSchool,Personal,0
34,102495,6283,742,36,4,6,Single,Bachelors,Business,0
52,91635,38691,399,9,1,62,Married,Masters,Personal,1
58,105112,6125,358,19,0,41,Single,Bachelors,Car,1
53,55946,6529,807,5,0,41,Single,Masters,Car,1
43,75204,31170,557,2,4,58,Single,HighSchool,Car,1
35,71886,13438,712,10,4,19,Single,HighSchool,Car,1
53,91652,25095,751,16,3,72,Divorced,PhD,Home,0
45,35563,21154,364,31,2,16,Single,HighSchool,Personal,1
37,112324,13004,453,3,0,26,Married,HighSchool,Education,1
53,112464,14752,565,3,4,46,Married,PhD,Business,1
22,29847,48360,378,16,0,1,Single,PhD,Car,1
34,46155,31819,614,18,4,62,Married,Masters,Personal,0
60,99671,41632,547,4,1,61,Single,HighSchool,Car,1
60,103310,31515,713,31,0,99,Married,Masters,Car,0
